File,SKU,Size,Count
MeeshoCrop_2025-10-13.pdf,BW_0330001,L,3
MeeshoCrop_2025-10-13.pdf,BW_0330001,M,9
MeeshoCrop_2025-10-13.pdf,BW_0330001,S,6
MeeshoCrop_2025-10-13.pdf,BW_0330001,XL,4
MeeshoCrop_2025-10-13.pdf,BW_0330001,XXL,1
MeeshoCrop_2025-10-13.pdf,BW_0330001_2,M,1
MeeshoCrop_2025-10-13.pdf,BW_0330002 Maroon,XL,7
MeeshoCrop_2025-10-13.pdf,BW_0330002 Maroon,S,2
MeeshoCrop_2025-10-13.pdf,BW_0330002 Maroon,M,6
MeeshoCrop_2025-10-13.pdf,BW_0330002 Maroon,L,2
MeeshoCrop_2025-10-13.pdf,BW_0330002 Maroon,XXL,2
MeeshoCrop_2025-10-13.pdf,Dark  Pink Lace,XXL,1
MeeshoCrop_2025-10-13.pdf,Dark  Pink White Lace,XL,1
MeeshoCrop_2025-10-13.pdf,Dark  Pink White Lace,XXL,1
MeeshoCrop_2025-10-13.pdf,Gray White Lace,L,7
MeeshoCrop_2025-10-13.pdf,Gray White Lace,M,10
MeeshoCrop_2025-10-13.pdf,Gray White Lace,S,9
MeeshoCrop_2025-10-13.pdf,Gray White Lace,XL,2
MeeshoCrop_2025-10-13.pdf,Gray White Lace,XS,1
MeeshoCrop_2025-10-13.pdf,Gray White Lace,XXL,3
MeeshoCrop_2025-10-13.pdf,Gray White Lace1,L,5
MeeshoCrop_2025-10-13.pdf,Gray White Lace1,M,33
MeeshoCrop_2025-10-13.pdf,Gray White Lace1,S,21
MeeshoCrop_2025-10-13.pdf,Gray White Lace1,XS,7
MeeshoCrop_2025-10-13.pdf,Gray White Lace1,XL,10
MeeshoCrop_2025-10-13.pdf,Gray White Lace1,XXL,2
MeeshoCrop_2025-10-13.pdf,Gray White Lace2,L,6
MeeshoCrop_2025-10-13.pdf,Gray White Lace2,M,14
MeeshoCrop_2025-10-13.pdf,Gray White Lace2,S,13
MeeshoCrop_2025-10-13.pdf,Gray White Lace2,XXL,4
MeeshoCrop_2025-10-13.pdf,Gray White Lace2,XS,6
MeeshoCrop_2025-10-13.pdf,Gray White Lace2,XL,7
MeeshoCrop_2025-10-13.pdf,Gray White Lace3,L,1
MeeshoCrop_2025-10-13.pdf,Gray White Lace3,M,2
MeeshoCrop_2025-10-13.pdf,PASTEL GREEN,M,1
MeeshoCrop_2025-10-13.pdf,PF_0230031,M,1
MeeshoCrop_2025-10-13.pdf,PF_0330001_1.Black,XXL,1
MeeshoCrop_2025-10-13.pdf,PF_0330001_3,S,1
MeeshoCrop_2025-10-13.pdf,PF_0330001_5,L,6
MeeshoCrop_2025-10-13.pdf,PF_0330001_5,M,13
MeeshoCrop_2025-10-13.pdf,PF_0330001_5,S,14
MeeshoCrop_2025-10-13.pdf,PF_0330001_5,XL,5
MeeshoCrop_2025-10-13.pdf,PF_0330001_5,XS,7
MeeshoCrop_2025-10-13.pdf,PF_0330001_5,XXL,1
MeeshoCrop_2025-10-13.pdf,PF_0330001_5_Purple,XS,1
MeeshoCrop_2025-10-13.pdf,PF_0330001_5_Purple,M,2
MeeshoCrop_2025-10-13.pdf,PF_0330001_5_Purple,L,2
MeeshoCrop_2025-10-13.pdf,PF_0330001_5_Purple,XL,2
MeeshoCrop_2025-10-13.pdf,PF_0330001_5_Purple,XXL,1
MeeshoCrop_2025-10-13.pdf,PF_0330001_5. Purple,XL,1
MeeshoCrop_2025-10-13.pdf,PF_0330001_5.Purple,XS,2
MeeshoCrop_2025-10-13.pdf,PF_0330001_5.Purple,S,1
MeeshoCrop_2025-10-13.pdf,PF_0330001_5.Purple,L,2
MeeshoCrop_2025-10-13.pdf,PF_0380001_1,M,1
MeeshoCrop_2025-10-13.pdf,PF_0380001_5,L,2
MeeshoCrop_2025-10-13.pdf,PF_0380001_5,M,2
MeeshoCrop_2025-10-13.pdf,PF_0380001_5,S,2
MeeshoCrop_2025-10-13.pdf,PF_0380001_5,XL,3
MeeshoCrop_2025-10-13.pdf,PF_0380001_8,XL,3
MeeshoCrop_2025-10-13.pdf,PF_0380001a,L,1
MeeshoCrop_2025-10-13.pdf,PF_0380001a,XS,1
MeeshoCrop_2025-10-13.pdf,PF_0380001a Nayara,S,3
MeeshoCrop_2025-10-13.pdf,PF_0380001a Nayara,M,2
MeeshoCrop_2025-10-13.pdf,PF_0380001a Nayara,L,2
MeeshoCrop_2025-10-13.pdf,PF_0380001a Nayara,XL,3
MeeshoCrop_2025-10-13.pdf,PF_0380001b,M,1
MeeshoCrop_2025-10-13.pdf,TOP BLACK KURTI,M,1
